{
  "momentum": {
    "HUM": 2035.1465131997852,
    "STX": 659.1177379952209,
    "PANW": 1494.0323082978045,
    "CRWD": 1378.1383774142141,
    "AMAT": 765.1293896410629,
    "LRCX": 756.6981817515373,
    "KLAC": 727.1713841942043,
    "CSCO": 1971.9735358597873,
    "UNH": 2825.1967615002327,
    "FFIV": 2112.730769615494,
    "WST": 3099.4563496062647,
    "CVS": 2859.184895224658,
    "ELV": 2021.8311174885628,
    "STT": 2604.5044736956784,
    "BEN": 2292.9257303634813,
    "DAL": 2067.6639496614325,
    "NUE": 2190.862593677207,
    "IBKR": 1815.0029558788387,
    "MS": 2408.519768090589,
    "CAT": 1400.5612244761762,
    "JBHT": 2111.123535606038,
    "STLD": 1786.03802840544,
    "CDNS": 1843.8467925309762,
    "HOOD": 1127.157104605731,
    "UAL": 1643.4184477814952,
    "MCHP": 1134.6672730538428,
    "HST": 3168.5343503328436,
    "BXP": 2783.01129228146,
    "GS": 2346.945603819775,
    "MNST": 3401.13161156986,
    "ROK": 2092.8509858456805,
    "TROW": 2554.8376046579788,
    "MET": 3057.995081560306
  },
  "trend": {
    "GLD": {
      "side": -1,
      "extreme": 364.9599914550781,
      "shares": 9.682047194967762
    },
    "SLV": {
      "side": -1,
      "extreme": 50.38999938964844,
      "shares": 30.39201289030344
    },
    "VNQ": {
      "side": 1,
      "extreme": 100.06999969482422,
      "shares": 67.92589335093524
    },
    "FXY": {
      "side": -1,
      "extreme": 56.220001220703125,
      "shares": 376.14431876318463
    }
  }
}