{
  "momentum": {
    "HUM": 1764.698095936823,
    "PANW": 1267.963588586993,
    "STX": 730.2852268937074,
    "CRWD": 1215.649502878212,
    "AMAT": 766.4432880505012,
    "LRCX": 783.4344628981038,
    "KLAC": 761.8041230661829,
    "UNH": 2302.2225776260557,
    "CSCO": 1947.0606016259803,
    "CVS": 2843.726349223937,
    "FFIV": 1916.4007230188354,
    "WST": 2895.7995241544963,
    "STT": 2481.698968813388,
    "HOOD": 1061.8523122949746,
    "BEN": 2337.239697564212,
    "DAL": 2112.0324097780285,
    "JBHT": 2214.79075936876,
    "IBKR": 1621.958806211901,
    "MS": 2092.554341466687,
    "UAL": 1620.766086074537,
    "MNST": 3064.9402192086595,
    "NUE": 2299.0819879651044,
    "ELV": 1760.9825854548235,
    "BXP": 2705.006843585204,
    "HST": 3375.0619575675914,
    "MET": 3236.353821308532,
    "TROW": 2508.9489101805952,
    "GS": 2055.142485882159,
    "CAT": 1348.189258326035,
    "ROK": 2085.190440413303,
    "STLD": 1989.0336256745754,
    "MCHP": 1274.448497983163,
    "CNC": 1851.1995956657943,
    "GEN": 1967.9947300810747
  },
  "trend": {
    "VNQ": {
      "side": 1,
      "extreme": 100.06999969482422,
      "shares": 67.9259
    },
    "UUP": {
      "side": 1,
      "extreme": 28.559999465942383,
      "shares": 688.9145242967247
    }
  },
  "momentum_shares": {
    "AMAT": 1.3836714899213438,
    "BEN": 72.18158185503287,
    "BXP": 40.12767685259253,
    "CAT": 1.5159947172832804,
    "CNC": 28.0953044895099,
    "CRWD": 6.451807210974545,
    "CSCO": 17.351934921238314,
    "CVS": 26.311309225078563,
    "DAL": 25.28774538634232,
    "ELV": 4.525900439561967,
    "FFIV": 4.783706829816195,
    "GEN": 76.9348997635161,
    "GS": 1.8713736817135556,
    "HOOD": 10.16321093202288,
    "HST": 137.75763092112618,
    "HUM": 4.438375424665818,
    "IBKR": 17.347153007613915,
    "JBHT": 7.578671069597658,
    "KLAC": 3.5483912357497713,
    "LRCX": 2.4536767262727546,
    "MCHP": 14.989985277623479,
    "MET": 34.698766353489724,
    "MNST": 32.03658699560366,
    "MS": 9.576907741266304,
    "NUE": 9.746002744595101,
    "PANW": 3.7818050381873483,
    "ROK": 4.5508301721108175,
    "STLD": 8.334871064204563,
    "STT": 13.397208460485446,
    "STX": 0.8041903386491143,
    "TROW": 21.62700512007868,
    "UAL": 13.821985813982517,
    "UNH": 5.33774452402601,
    "WST": 8.079572262398424
  }
}
